"data_group","file_path","source_kind","suite_from_name","k_from_name","warning_count","error_count","traceback_count","server_fail_tag"
"A&B","C:\Users\407407\Desktop\vllm\github\MQA_FastPath\A&B\bench_A_FP_ON_MQA_ON_k2.log","bench","A_FP_ON_MQA_ON","2","10","0","0","0"
"A&B","C:\Users\407407\Desktop\vllm\github\MQA_FastPath\A&B\bench_A_FP_ON_MQA_ON_k4.log","bench","A_FP_ON_MQA_ON","4","10","0","0","0"
"A&B","C:\Users\407407\Desktop\vllm\github\MQA_FastPath\A&B\bench_A_FP_ON_MQA_ON_k8.log","bench","A_FP_ON_MQA_ON","8","10","0","0","0"
"A&B","C:\Users\407407\Desktop\vllm\github\MQA_FastPath\A&B\bench_B_FP_ON_MQA_OFF_k2.log","bench","B_FP_ON_MQA_OFF","2","10","0","0","0"
"A&B","C:\Users\407407\Desktop\vllm\github\MQA_FastPath\A&B\bench_B_FP_ON_MQA_OFF_k4.log","bench","B_FP_ON_MQA_OFF","4","10","0","0","0"
"A&B","C:\Users\407407\Desktop\vllm\github\MQA_FastPath\A&B\bench_B_FP_ON_MQA_OFF_k8.log","bench","B_FP_ON_MQA_OFF","8","10","0","0","0"
"A&B","C:\Users\407407\Desktop\vllm\github\MQA_FastPath\A&B\key_A_FP_ON_MQA_ON_k2.log","key","A_FP_ON_MQA_ON","2","0","1","1","0"
"A&B","C:\Users\407407\Desktop\vllm\github\MQA_FastPath\A&B\key_A_FP_ON_MQA_ON_k4.log","key","A_FP_ON_MQA_ON","4","0","1","1","0"
"A&B","C:\Users\407407\Desktop\vllm\github\MQA_FastPath\A&B\key_A_FP_ON_MQA_ON_k8.log","key","A_FP_ON_MQA_ON","8","0","1","1","0"
"A&B","C:\Users\407407\Desktop\vllm\github\MQA_FastPath\A&B\key_B_FP_ON_MQA_OFF_k2.log","key","B_FP_ON_MQA_OFF","2","0","1","1","0"
"A&B","C:\Users\407407\Desktop\vllm\github\MQA_FastPath\A&B\key_B_FP_ON_MQA_OFF_k4.log","key","B_FP_ON_MQA_OFF","4","0","1","1","0"
"A&B","C:\Users\407407\Desktop\vllm\github\MQA_FastPath\A&B\key_B_FP_ON_MQA_OFF_k8.log","key","B_FP_ON_MQA_OFF","8","0","1","1","0"
"A&B","C:\Users\407407\Desktop\vllm\github\MQA_FastPath\A&B\meta_A_FP_ON_MQA_ON_k2.log","meta","A_FP_ON_MQA_ON","2","0","0","0","0"
"A&B","C:\Users\407407\Desktop\vllm\github\MQA_FastPath\A&B\meta_A_FP_ON_MQA_ON_k4.log","meta","A_FP_ON_MQA_ON","4","0","0","0","0"
"A&B","C:\Users\407407\Desktop\vllm\github\MQA_FastPath\A&B\meta_A_FP_ON_MQA_ON_k8.log","meta","A_FP_ON_MQA_ON","8","0","0","0","0"
"A&B","C:\Users\407407\Desktop\vllm\github\MQA_FastPath\A&B\meta_B_FP_ON_MQA_OFF_k2.log","meta","B_FP_ON_MQA_OFF","2","0","0","0","0"
"A&B","C:\Users\407407\Desktop\vllm\github\MQA_FastPath\A&B\meta_B_FP_ON_MQA_OFF_k4.log","meta","B_FP_ON_MQA_OFF","4","0","0","0","0"
"A&B","C:\Users\407407\Desktop\vllm\github\MQA_FastPath\A&B\meta_B_FP_ON_MQA_OFF_k8.log","meta","B_FP_ON_MQA_OFF","8","0","0","0","0"
"A&B","C:\Users\407407\Desktop\vllm\github\MQA_FastPath\A&B\probe_A_FP_ON_MQA_ON.log","probe","A_FP_ON_MQA_ON",,"2","0","0","0"
"A&B","C:\Users\407407\Desktop\vllm\github\MQA_FastPath\A&B\probe_B_FP_ON_MQA_OFF.log","probe","B_FP_ON_MQA_OFF",,"2","0","0","0"
"A&B","C:\Users\407407\Desktop\vllm\github\MQA_FastPath\A&B\server_A_FP_ON_MQA_ON_k2.log","server","A_FP_ON_MQA_ON","2","27","11","1","0"
"A&B","C:\Users\407407\Desktop\vllm\github\MQA_FastPath\A&B\server_A_FP_ON_MQA_ON_k4.log","server","A_FP_ON_MQA_ON","4","27","11","1","0"
"A&B","C:\Users\407407\Desktop\vllm\github\MQA_FastPath\A&B\server_A_FP_ON_MQA_ON_k8.log","server","A_FP_ON_MQA_ON","8","27","11","1","0"
"A&B","C:\Users\407407\Desktop\vllm\github\MQA_FastPath\A&B\server_B_FP_ON_MQA_OFF_k2.log","server","B_FP_ON_MQA_OFF","2","27","11","1","0"
"A&B","C:\Users\407407\Desktop\vllm\github\MQA_FastPath\A&B\server_B_FP_ON_MQA_OFF_k4.log","server","B_FP_ON_MQA_OFF","4","27","11","1","0"
"A&B","C:\Users\407407\Desktop\vllm\github\MQA_FastPath\A&B\server_B_FP_ON_MQA_OFF_k8.log","server","B_FP_ON_MQA_OFF","8","27","11","1","0"
"C&D","C:\Users\407407\Desktop\vllm\github\MQA_FastPath\C&D\bench_C_FP_OFF_MQA_ON_k2.log","bench","C_FP_OFF_MQA_ON","2","10","0","0","0"
"C&D","C:\Users\407407\Desktop\vllm\github\MQA_FastPath\C&D\bench_C_FP_OFF_MQA_ON_k4.log","bench","C_FP_OFF_MQA_ON","4","10","0","0","0"
"C&D","C:\Users\407407\Desktop\vllm\github\MQA_FastPath\C&D\bench_C_FP_OFF_MQA_ON_k8.log","bench","C_FP_OFF_MQA_ON","8","10","0","0","0"
"C&D","C:\Users\407407\Desktop\vllm\github\MQA_FastPath\C&D\bench_D_FP_OFF_MQA_OFF_k2.log","bench","D_FP_OFF_MQA_OFF","2","10","0","0","0"
"C&D","C:\Users\407407\Desktop\vllm\github\MQA_FastPath\C&D\bench_D_FP_OFF_MQA_OFF_k4.log","bench","D_FP_OFF_MQA_OFF","4","10","0","0","0"
"C&D","C:\Users\407407\Desktop\vllm\github\MQA_FastPath\C&D\bench_D_FP_OFF_MQA_OFF_k8.log","bench","D_FP_OFF_MQA_OFF","8","10","0","0","0"
"C&D","C:\Users\407407\Desktop\vllm\github\MQA_FastPath\C&D\key_C_FP_OFF_MQA_ON_k2.log","key","C_FP_OFF_MQA_ON","2","0","1","1","0"
"C&D","C:\Users\407407\Desktop\vllm\github\MQA_FastPath\C&D\key_C_FP_OFF_MQA_ON_k4.log","key","C_FP_OFF_MQA_ON","4","0","1","1","0"
"C&D","C:\Users\407407\Desktop\vllm\github\MQA_FastPath\C&D\key_C_FP_OFF_MQA_ON_k8.log","key","C_FP_OFF_MQA_ON","8","0","1","1","0"
"C&D","C:\Users\407407\Desktop\vllm\github\MQA_FastPath\C&D\key_D_FP_OFF_MQA_OFF_k2.log","key","D_FP_OFF_MQA_OFF","2","0","1","1","0"
"C&D","C:\Users\407407\Desktop\vllm\github\MQA_FastPath\C&D\key_D_FP_OFF_MQA_OFF_k4.log","key","D_FP_OFF_MQA_OFF","4","0","1","1","0"
"C&D","C:\Users\407407\Desktop\vllm\github\MQA_FastPath\C&D\key_D_FP_OFF_MQA_OFF_k8.log","key","D_FP_OFF_MQA_OFF","8","0","1","1","0"
"C&D","C:\Users\407407\Desktop\vllm\github\MQA_FastPath\C&D\meta_C_FP_OFF_MQA_ON_k2.log","meta","C_FP_OFF_MQA_ON","2","0","0","0","0"
"C&D","C:\Users\407407\Desktop\vllm\github\MQA_FastPath\C&D\meta_C_FP_OFF_MQA_ON_k4.log","meta","C_FP_OFF_MQA_ON","4","0","0","0","0"
"C&D","C:\Users\407407\Desktop\vllm\github\MQA_FastPath\C&D\meta_C_FP_OFF_MQA_ON_k8.log","meta","C_FP_OFF_MQA_ON","8","0","0","0","0"
"C&D","C:\Users\407407\Desktop\vllm\github\MQA_FastPath\C&D\meta_D_FP_OFF_MQA_OFF_k2.log","meta","D_FP_OFF_MQA_OFF","2","0","0","0","0"
"C&D","C:\Users\407407\Desktop\vllm\github\MQA_FastPath\C&D\meta_D_FP_OFF_MQA_OFF_k4.log","meta","D_FP_OFF_MQA_OFF","4","0","0","0","0"
"C&D","C:\Users\407407\Desktop\vllm\github\MQA_FastPath\C&D\meta_D_FP_OFF_MQA_OFF_k8.log","meta","D_FP_OFF_MQA_OFF","8","0","0","0","0"
"C&D","C:\Users\407407\Desktop\vllm\github\MQA_FastPath\C&D\probe_C_FP_OFF_MQA_ON.log","probe","C_FP_OFF_MQA_ON",,"2","0","0","0"
"C&D","C:\Users\407407\Desktop\vllm\github\MQA_FastPath\C&D\probe_D_FP_OFF_MQA_OFF.log","probe","D_FP_OFF_MQA_OFF",,"2","0","0","0"
"C&D","C:\Users\407407\Desktop\vllm\github\MQA_FastPath\C&D\server_C_FP_OFF_MQA_ON_k2.log","server","C_FP_OFF_MQA_ON","2","24","11","1","0"
"C&D","C:\Users\407407\Desktop\vllm\github\MQA_FastPath\C&D\server_C_FP_OFF_MQA_ON_k4.log","server","C_FP_OFF_MQA_ON","4","24","11","1","0"
"C&D","C:\Users\407407\Desktop\vllm\github\MQA_FastPath\C&D\server_C_FP_OFF_MQA_ON_k8.log","server","C_FP_OFF_MQA_ON","8","24","11","1","0"
"C&D","C:\Users\407407\Desktop\vllm\github\MQA_FastPath\C&D\server_D_FP_OFF_MQA_OFF_k2.log","server","D_FP_OFF_MQA_OFF","2","24","11","1","0"
"C&D","C:\Users\407407\Desktop\vllm\github\MQA_FastPath\C&D\server_D_FP_OFF_MQA_OFF_k4.log","server","D_FP_OFF_MQA_OFF","4","24","11","1","0"
"C&D","C:\Users\407407\Desktop\vllm\github\MQA_FastPath\C&D\server_D_FP_OFF_MQA_OFF_k8.log","server","D_FP_OFF_MQA_OFF","8","24","11","1","0"
"no_spec","C:\Users\407407\Desktop\vllm\github\MQA_FastPath\no_spec\bench_NO_SPEC_k0.log","bench","NO_SPEC","0","10","0","0","0"
"no_spec","C:\Users\407407\Desktop\vllm\github\MQA_FastPath\no_spec\key_NO_SPEC_k0.log","key","NO_SPEC","0","0","1","1","0"
"no_spec","C:\Users\407407\Desktop\vllm\github\MQA_FastPath\no_spec\meta_NO_SPEC_k0.log","meta","NO_SPEC","0","0","0","0","0"
"no_spec","C:\Users\407407\Desktop\vllm\github\MQA_FastPath\no_spec\probe_NO_SPEC.log","probe","NO_SPEC",,"2","0","0","0"
"no_spec","C:\Users\407407\Desktop\vllm\github\MQA_FastPath\no_spec\server_NO_SPEC_k0.log","server","NO_SPEC","0","26","11","1","0"
